{"cameraMode":{"drawMode":0,"name":"Shaded","section":"Shading Mode"},"sceneLighting":true,"audioPlay":false,"sceneViewState":{"m_AlwaysRefresh":false,"showFog":true,"showSkybox":true,"showFlares":true,"showImageEffects":true,"showParticleSystems":true,"showVisualEffectGraphs":true,"m_FxEnabled":true},"in2DMode":false,"pivot":{"x":361.60626220703127,"y":20.059066772460939,"z":257.2613525390625},"rotation":{"x":-0.16348420083522798,"y":0.7121753692626953,"z":-0.17654739320278169,"w":-0.6594804525375366},"size":0.28714489936828616,"orthographic":false}