{"cameraMode":{"drawMode":0,"name":"Shaded","section":"Shading Mode"},"sceneLighting":false,"audioPlay":false,"sceneViewState":{"m_AlwaysRefresh":false,"showFog":true,"showSkybox":false,"showFlares":true,"showImageEffects":true,"showParticleSystems":true,"showVisualEffectGraphs":true,"m_FxEnabled":true},"in2DMode":false,"pivot":{"x":501.7991943359375,"y":20.861251831054689,"z":378.44390869140627},"rotation":{"x":0.03703444078564644,"y":0.6036811470985413,"z":-0.028093256056308748,"w":0.7958919405937195},"size":2.151291847229004,"orthographic":true}